query,reference,source
"What R package can be used to calculate ATR?","The R package that can be used to calculate ATR (Average True Range) is the TTR package.","Index for January 2025; hybrid chain"
"Where would I use the lapply() function?","The `lapply()` function can be used in R to apply a function over a list or vector and return a list of the same length. In the provided context, it is used in the following examples:\n\n1. In the function `f` defined by Bert Gunter:\n   ```r\n   f <- function(x, ...){\n      lapply(seq_along(x), \\(i)switch(x[i], ..., NA))\n   }\n   ```\n   Here, `lapply()` is used to iterate over the indices of `x` and apply the `switch()` function to each element.\n\n2. In the function `g`:\n   ```r\n   g <- function(...){\n      one <- f(z,...)\n      two <- lapply(charmatch(z, ...names()), \\(i)...elt(i))\n      list(one = one, two = two)\n   }\n   ```\n   In this case, `lapply()` is used to apply the `...elt()` function to the results of `charmatch()`.\n\nThese examples illustrate how `lapply()` can be used to process elements in a list or vector efficiently, returning a list of results based on the function applied.","Index for January 2025; hybrid chain"
"How to make R print the line number where an error occurred?","To make R print the line number where an error occurred, you can use the `options()` function to set `show.error.locations = TRUE`. This will allow R to display the location of errors in the output. Additionally, you can use the `traceback()` function after an error occurs to see the call stack, which includes the line numbers where the error happened.\n\nFor example, you can run the following command before executing your code:\n\n```R\noptions(show.error.locations = TRUE)\n```\n\nIf you want to see the line numbers in a more detailed manner, you can also set a custom error handler using the `options(error = showKnownLocations)` function, which can be defined as follows:\n\n```R\nshowKnownLocations <- function() {\n   calls <- sys.calls()\n   srcrefs <- sapply(calls, function(v) if (!is.null(srcref <- attr(v, ""srcref""))) {\n     srcfile <- attr(srcref, ""srcfile"")\n     paste0(basename(srcfile$filename), ""#"", srcref[1L])\n   } else ""."")\n   cat(""Current call stack locations:\\n"")\n   cat(srcrefs, sep = "" "")\n   cat(""\\n"")\n}\noptions(error = showKnownLocations)\n```\n\nThis way, when an error occurs, R will print the line number along with the filename where the error happened.","Index for January 2025; hybrid chain"
"Was Python mentioned in January 2025?","Yes, Python was mentioned in January 2025.","Index for January 2025; hybrid chain"
"Was Julia (the programming language) mentioned in January 2025?","No, Julia (the programming language) was not mentioned in January 2025 in the provided context.","Index for January 2025; hybrid chain"
"What causes the 'no visible binding for global variable' error?","The 'no visible binding for global variable' error occurs when R's CMD check detects that a variable is being used in the code but is not explicitly defined in the global environment. This typically happens when using non-standard evaluation, such as in the context of data frames or data tables, where column names are referenced without being declared as variables. In the provided context, it is mentioned that this issue arises when a function returns a data frame with columns that are not explicitly defined, leading to R CMD check issuing a note about the lack of visible bindings for those variables.","Index for January 2025; hybrid chain"
"Are there any problems with the lm function?","The provided context does not contain specific information about any problems with the lm function. Therefore, I cannot answer the question based on the given context.","Index for January 2025; hybrid chain"
"Please tell me how to plot the R logo.","The provided context does not contain any information on how to plot the R logo.","Index for January 2025; hybrid chain"
"Please tell me how to plot minor tick marks.","To plot minor tick marks on a log scale usinTo plot minor tick marks on a log scale using ggplot in R, you can use the `guides()` function with `guide_axis(minor.ticks = TRUE)` or specify minor breaks in the `scale_y_log10()` function. Here is an example code snippet:\n\n```R\nPopByDayByAQIminus %>%\n   mutate(Day = factor(Day)) %>%\n   ggplot(aes(x = AQI_Cat, y = TotalPop/1000000, group = Day, color = Day, shape = Day, linetype = Day)) +\n   labs(x = ""Air Quality Index"") +\n   geom_point(size = 4, alpha = 0.7) +\n   geom_line(linewidth = 1.5, alpha = 0.3) +\n   theme(axis.text.x = element_text(angle = -15, hjust = 0)) +\n   scale_y_log10(minor_breaks = log10_minor_break()) +  # Use a custom function for minor breaks\n   guides(y = guide_axis(minor.ticks = TRUE))  # Enable minor ticks\n```\n\nIn this example, `log10_minor_break()` is a custom function that defines how to calculate the minor breaks on the log scale. You can also use `scale_y_log10(guide = ""axis_logticks"")` as an alternative approach.g ggplot in R, you can use the following code","Index for January 2025; hybrid chain"
"Please tell me how to plot tick marks not using ggplot.","The provided context does not contain information on how to plot tick marks without using ggplot. Therefore, I cannot answer the question.","Index for January 2025; hybrid chain"
"On what date was has.HLC mentioned in a message?","The function `has.HLC` was mentioned in a message dated January 5, 2025.","Index for January 2025; hybrid chain"
"How to search R-help mailing list with keywords?","You can search the R-help mailing list using a search engine by adding `site:stat.ethz.ch` to your search query. For example, you can use a search engine like DuckDuckGo and format your query as follows: `keywords site:stat.ethz.ch`. This will help you find posts related to your keywords within the mailing list archives.","Index for January 2025; hybrid chain"
"What is the code for printing the line number that caused an error message?","The code for printing the line number that caused an error message is:\n\n```R\noptions(error = showKnownLocations)\n```\n\nYou can also use the following function to show the known locations in the call stack:\n\n```R\nshowKnownLocations <- function() {\n   calls <- sys.calls()\n   srcrefs <- sapply(calls, function(v) if (!is.null(srcref <- attr(v, ""srcref""))) {\n     srcfile <- attr(srcref, ""srcfile"")\n     paste0(basename(srcfile$filename), ""#"", srcref[1L])\n   } else ""."")\n   cat(""Current call stack locations:\\n"")\n   cat(srcrefs, sep = "" "")\n   cat(""\\n"")\n}\n```","Index for January 2025; hybrid_rr chain"
